{
  "hash": "cfce5fb1",
  "configHash": "831ba3e0",
  "lockfileHash": "4f6689be",
  "browserHash": "d0d445f9",
  "optimized": {
    "@angular/core": {
      "src": "../../../../../node_modules/@angular/core/fesm2022/core.mjs",
      "file": "@angular_core.js",
      "fileHash": "174bb3e6",
      "needsInterop": false
    },
    "@angular/platform-browser": {
      "src": "../../../../../node_modules/@angular/platform-browser/fesm2022/platform-browser.mjs",
      "file": "@angular_platform-browser.js",
      "fileHash": "ae23b112",
      "needsInterop": false
    },
    "@angular/router": {
      "src": "../../../../../node_modules/@angular/router/fesm2022/router.mjs",
      "file": "@angular_router.js",
      "fileHash": "ad4ff2dd",
      "needsInterop": false
    },
    "@angular/common": {
      "src": "../../../../../node_modules/@angular/common/fesm2022/common.mjs",
      "file": "@angular_common.js",
      "fileHash": "4e7c5a5f",
      "needsInterop": false
    }
  },
  "chunks": {
    "chunk-IHBJK2TM": {
      "file": "chunk-IHBJK2TM.js"
    },
    "chunk-XDK223UD": {
      "file": "chunk-XDK223UD.js"
    },
    "chunk-A7WGEUKL": {
      "file": "chunk-A7WGEUKL.js"
    }
  }
}